warehousecode,totalquantityordered
b,3843015.238239
a,2069141.216525
c,1796940.172525
d,1869942.476449
